{"train_losses": [[3.4664911487956105, 2.6496991878674354, 2.263679783432572, 2.0405813794077177, 1.8465432429019315, 1.7068222569830624, 1.589192920702475, 1.1315070387757855, 0.9144924778261302, 0.8137527947072629, 0.7401481002937128, 0.6563119583659702, 0.5973490341210071, 0.5421174739246015, 0.46749650747687727, 0.4497588285325486, 0.4166765878597895, 0.4065448971442234, 0.39411938604381347, 0.38264335813345735], [3.4044034551691125, 2.647732931301918, 2.2782117661134698, 2.051713956726922, 1.8820496762240375, 1.7190523973217717, 1.603159597184923, 1.1572568799242562, 0.9388053052219344, 0.8343046075032081, 0.7366779863834381, 0.6840869292800809, 0.6187518399806671, 0.5523253412158401, 0.4831095088411261, 0.4520329181794767, 0.43095826499256085, 0.4193126187280372, 0.40920448229636674, 0.394943991119479], [3.741284481684367, 3.1006286909550798, 2.7092454827862023, 2.4432144479987064, 2.277277143207597, 2.1155167644406543, 1.975603801527141, 1.4861489911138275, 1.2821185073734802, 1.1663511663307378, 1.0412976211971707, 0.9506128372969451, 0.8795825011200376, 0.8045207738140483, 0.6892660459618509, 0.6574288053277099, 0.631210137002262, 0.6083156378180893, 0.5994249158067467, 0.5742242791770417], [3.5337789800431993, 2.7856033937430675, 2.4144268147739365, 2.212767900360955, 2.0284680822749195, 1.8651272732534527, 1.729303370581733, 1.252537262292556, 1.0591244859459958, 0.9363812141948276, 0.8613353651246907, 0.7852778408998324, 0.7032779383070675, 0.6477101509585793, 0.5501647501448055, 0.5150790115565429, 0.4959162536594603, 0.47431617346074845, 0.4651857030612451, 0.4465060740341375], [3.951554485014927, 3.7571115411358114, 3.7016497211691775, 3.627293786296138, 3.600458213429392, 3.5780642297532825, 3.5309781939895064, 3.4802932303628804, 3.4674021420655428, 3.4539238070264275, 3.4371313401210455, 3.426396703131405, 3.416720324975473, 3.3889817714691164, 3.3344942504977, 3.304877409522916, 3.282905985396585, 3.266550997745844, 3.225540010428723, 3.1915778784104334]], "train_accuracies": [[15.917516218721039, 30.29039233858511, 38.2375656472042, 43.66697559468644, 47.9147358665431, 51.44423849243126, 54.873339511893725, 67.57800432499228, 73.81835032437442, 76.85356811862836, 78.49088662341674, 81.34847080630213, 82.64596848934198, 84.27556379363608, 86.83966635773865, 87.23354958294718, 88.40747605807847, 88.82452888476985, 88.76274328081557, 89.26475131294409], [16.94470188446092, 29.324992276799506, 37.936360827927096, 43.1263515600865, 47.26598702502317, 51.31294408402842, 54.97374111831943, 66.62032746370096, 73.05375347544022, 76.13531047265987, 78.28236021007105, 80.25949953660798, 82.2289156626506, 83.89712696941612, 85.93605189990733, 87.17948717948718, 87.40345999382144, 87.92091442693852, 88.56194006796416, 88.86314488724128], [10.063330244053136, 18.736484399135, 27.262897744825455, 32.777262897744826, 36.84738955823293, 40.299660179178254, 44.81000926784059, 57.398826073524866, 62.84368242199567, 66.44269385233241, 70.21161569354341, 72.52085264133457, 74.76058078467717, 77.06981773246834, 80.40624034599938, 81.57244362063639, 81.7655236329935, 82.88538770466481, 82.87766450417053, 83.57275254865617], [13.855421686746988, 26.567809700339822, 34.43002780352178, 39.06394810009268, 43.83688600556071, 47.196478220574605, 50.92678405931418, 63.87859128822984, 69.73277726289774, 72.72165585418597, 74.67562557924003, 76.79178251467408, 79.61847389558233, 81.34074760580785, 84.36051899907322, 85.53444547420452, 85.97466790237874, 86.51529193697868, 87.12542477602719, 87.25671918443003], [7.553290083410565, 9.738955823293173, 9.545875810936051, 9.65400061785604, 9.870250231696016, 9.908866234167439, 9.777571825764596, 10.140562248995984, 10.094223046030274, 10.125115848007415, 10.495829471733087, 10.742971887550201, 10.851096694470188, 11.059623107815879, 12.689218412109978, 12.40345999382144, 13.654618473895582, 13.801359283286994, 15.006178560395428, 15.755329008341057]], "val_losses": [[2.9178933396058926, 3.603920349887773, 2.10047369260414, 2.107567219173207, 1.9987832389625848, 2.08549737813426, 1.8926129387874229, 0.9854330227655523, 0.9009673133784649, 0.8235529439122069, 0.7477581103642782, 0.7347260696046493, 0.6899006203109143, 0.6852491039271448, 0.6236342612434836, 0.5907955762802386, 0.5857024604783339, 0.5935005991190088, 0.5792588500999937, 0.5584251795183209], [2.783997701663597, 2.471506943889693, 2.1897047489297154, 2.711026897617415, 2.2204086979230246, 1.8560695519634323, 1.6522234380245209, 0.9465498708042444, 0.8851844197979161, 0.7875171902717328, 0.7620146232200604, 0.7072283013486395, 0.6539600043028009, 0.6330072270596728, 0.5894497798061838, 0.574558972508884, 0.5720785745218688, 0.5741390439809537, 0.5717749205582282, 0.5614115013649651], [3.467172526845745, 2.932440838393043, 2.8515812404015484, 2.3975319494219387, 2.3232871223898495, 2.110798783162061, 2.390249490737915, 1.2863714531356214, 1.163063558293324, 1.0453275629118377, 0.9915587481330422, 0.9328976665057388, 0.8737061900251052, 0.8240036575817594, 0.7470416374066297, 0.726280081505869, 0.7190231084823608, 0.6877923563999289, 0.7010607246090385, 0.6931715736202165], [3.2874116289849376, 2.949405686528075, 2.306637817738103, 2.0943844189830854, 1.980110365970462, 2.3296248947872833, 1.7457829059339036, 1.0722477842195361, 0.9573126382687512, 0.898542010901021, 0.837396397894504, 0.7673604847753749, 0.7386055503990135, 0.693990468029298, 0.6353511491826936, 0.624036983532064, 0.6010000826973542, 0.6092021588016959, 0.5901294616507549, 0.5906647811917698], [3.5112746603348675, 3.966848097595514, 3.5033039672701967, 3.626002501038944, 3.490804627829907, 3.4162003993988037, 3.4037776647829543, 3.3856635701422597, 3.3821674865834854, 3.382570311134937, 3.3556655621996114, 3.3555373841640996, 3.32487883754805, 3.347787396580565, 3.2668222235698328, 3.2299172948388493, 3.2162875942155424, 3.188423904718137, 3.1656010408027497, 3.1342084407806396]], "val_accuracies": [[25.20852641334569, 22.706209453197406, 42.23046030274946, 41.30367624343528, 44.20759962928638, 43.49706518381217, 47.574915044794565, 71.57862218103182, 75.00772320049428, 76.24343527957986, 79.08557306147668, 79.42539388322521, 79.8887859128823, 80.44485634847081, 81.95860364535064, 82.94717330861909, 83.56502934816187, 82.45288847698487, 83.13253012048193, 83.87395736793327], [27.00030892801977, 31.69601482854495, 39.94439295644115, 35.434043867778804, 42.84831634229224, 48.03830707445165, 52.82669138090825, 72.01112140871177, 74.01915353722583, 76.9848625270312, 78.06611059623108, 79.42539388322521, 80.01235712079085, 81.68056842755638, 82.14396045721347, 82.17485325919061, 83.44145814025332, 83.41056533827619, 83.34877973432191, 83.34877973432191], [18.103181958603646, 23.787457522397283, 27.216558541859747, 34.84708063021316, 36.17547111523015, 39.69725054062403, 35.7429718875502, 63.73185047883843, 66.5430954587581, 70.21933889403769, 71.36237256719184, 73.58665430954588, 76.45968489341983, 76.45968489341983, 78.8693234476367, 79.11646586345381, 80.01235712079085, 80.38307074451653, 79.51807228915662, 79.64164349706519], [22.36638863144887, 23.35495829471733, 35.8974358974359, 41.61260426320667, 44.114921223354955, 37.38029039233859, 51.00401606425703, 68.98362681495212, 72.59808464627741, 74.32808155699722, 75.53290083410565, 78.43682421995675, 78.09700339820822, 79.67253629904232, 80.9082483781279, 81.86592523941921, 82.02038924930491, 82.483781278962, 82.66913809082484, 82.97806611059623], [9.978375038616003, 10.905159097930182, 11.028730305838739, 11.183194315724435, 10.905159097930182, 11.337658325610132, 11.059623107815879, 11.121408711770158, 11.275872721655855, 10.936051899907321, 11.090515909793018, 11.46122953351869, 11.337658325610132, 11.646586345381525, 13.376583256101329, 14.396045721346926, 14.766759345072598, 15.230151374729688, 15.848007414272475, 16.620327463700956]]}